{"stats":{"minecraft:used":{"touhou_little_maid:smart_slab_init":1,"alexsmobs:animal_dictionary":2,"touhou_little_maid:smart_slab_has_maid":1},"minecraft:picked_up":{"ars_nouveau:worn_notebook":3},"minecraft:dropped":{"ars_nouveau:worn_notebook":4},"minecraft:custom":{"minecraft:jump":20,"minecraft:open_chest":1,"minecraft:time_since_rest":4577,"minecraft:leave_game":1,"minecraft:sprint_one_cm":8779,"minecraft:play_time":4577,"minecraft:walk_on_water_one_cm":628,"minecraft:time_since_death":4577,"minecraft:walk_one_cm":63880,"minecraft:total_world_time":4577,"minecraft:drop":4,"minecraft:fly_one_cm":1996}},"DataVersion":3465}